{
  "authSelections": "identityPoolAndUserPool",
  "resourceName": "cits3200refoodaf75e72f",
  "serviceType": "imported",
  "region": "us-west-1",
  "usernameAttributes": [
    "email"
  ],
  "authProvidersUserPool": [],
  "requiredAttributes": [
    "name",
    "email",
    "phone_number"
  ],
  "passwordPolicyMinLength": 8,
  "passwordPolicyCharacters": [
    "Requires Lowercase",
    "Requires Uppercase",
    "Requires Numbers",
    "Requires Symbols"
  ],
  "mfaConfiguration": "OFF",
  "mfaTypes": []
}