{
  "staging": {
    "awscloudformation": {
      "AuthRoleName": "amplify-amplifyec9c2dd33fc34-staging-134253-authRole",
      "UnauthRoleArn": "arn:aws:iam::305585051215:role/amplify-amplifyec9c2dd33fc34-staging-134253-unauthRole",
      "AuthRoleArn": "arn:aws:iam::305585051215:role/amplify-amplifyec9c2dd33fc34-staging-134253-authRole",
      "Region": "us-west-1",
      "DeploymentBucketName": "amplify-amplifyec9c2dd33fc34-staging-134253-deployment",
      "UnauthRoleName": "amplify-amplifyec9c2dd33fc34-staging-134253-unauthRole",
      "StackName": "amplify-amplifyec9c2dd33fc34-staging-134253",
      "StackId": "arn:aws:cloudformation:us-west-1:305585051215:stack/amplify-amplifyec9c2dd33fc34-staging-134253/cee49470-2de9-11ed-9b80-06a1992373d5",
      "AmplifyAppId": "d3hacpjxvx71jp"
    },
    "categories": {
      "auth": {
        "CITS3200ReFood": {},
        "cits3200refoodaf75e72f": {
          "userPoolId": "us-west-1_im2Y8lF6V",
          "userPoolName": "CITS3200ReFood-Staging",
          "webClientId": "1gblfrb4jcbu3gpoberrj37rn6",
          "nativeClientId": "2v6dfgtifd58ena50cgneqd3rg",
          "identityPoolId": "us-west-1:74549a76-75f7-4fa1-a6a8-5b1854f5c84d",
          "identityPoolName": "CITS3200ReFood-Staging",
          "allowUnauthenticatedIdentities": false,
          "authRoleArn": "arn:aws:iam::305585051215:role/Cognito_CITS3200ReFoodStagingAuth_Role",
          "authRoleName": "Cognito_CITS3200ReFoodStagingAuth_Role",
          "unauthRoleArn": "arn:aws:iam::305585051215:role/Cognito_CITS3200ReFoodStagingUnauth_Role",
          "unauthRoleName": "Cognito_CITS3200ReFoodStagingUnauth_Role"
        }
      },
      "storage": {
        "s3b57aa867": {}
      }
    }
  },
  "dev": {
    "awscloudformation": {
      "AuthRoleName": "amplify-cits3200refood-dev-150317-authRole",
      "UnauthRoleArn": "arn:aws:iam::305585051215:role/amplify-cits3200refood-dev-150317-unauthRole",
      "AuthRoleArn": "arn:aws:iam::305585051215:role/amplify-cits3200refood-dev-150317-authRole",
      "Region": "us-west-1",
      "DeploymentBucketName": "amplify-cits3200refood-dev-150317-deployment",
      "UnauthRoleName": "amplify-cits3200refood-dev-150317-unauthRole",
      "StackName": "amplify-cits3200refood-dev-150317",
      "StackId": "arn:aws:cloudformation:us-west-1:305585051215:stack/amplify-cits3200refood-dev-150317/2865d1d0-2e7b-11ed-8b9f-02333ab2fdc9",
      "AmplifyAppId": "dgqsr13a5546i"
    }
  }
}